Title,Description,Link,Media URL,Pinterest board,Publish date
Free 12 Addition Math Worksheet For Grade 3 With Answers | Printable Practice,Fun and engaging Addition worksheet for Grade 3. Perfect printable math practice.,https://mathworksheetkidsland.github.io/html/free-12-addition-math-worksheet-for-grade-3-with-answers-8312.html,https://mathworksheetkidsland.github.io/images/free-12-addition-math-worksheet-for-grade-3-with-answers-8312.jpg,Elementary Math Activities,03/17/2026 08:25:00 AM
Fun Count and Color Objects Worksheet for Grade 1,Teachers and parents love this Count and Color worksheet for Grade 1. Download and print instantly.,https://mathworksheetkidsland.github.io/html/fun-count-and-color-objects-worksheet-for-grade-1-5727.html,https://mathworksheetkidsland.github.io/images/fun-count-and-color-objects-worksheet-for-grade-1-5727.jpg,Elementary Math Activities,03/17/2026 11:06:00 AM
Free Counting Objects Worksheet For Pre-K Printable - Part 3 | Printable Practice,Free printable Counting Objects worksheet for Pre-K. Perfect for homeschool practice and classroom activities.,https://mathworksheetkidsland.github.io/html/free-counting-objects-worksheet-for-pre-k-printable-part-3-1420.html,https://mathworksheetkidsland.github.io/images/free-counting-objects-worksheet-for-pre-k-printable-part-3-1420.jpg,Math Practice Printables,03/17/2026 01:30:00 PM
Grade 2 Division Practice Worksheet (24 Problems) - Part 4 | Printable Practice,Teachers and parents love this Division worksheet for Grade 2. Download and print instantly.,https://mathworksheetkidsland.github.io/html/grade-2-division-practice-worksheet-24-problems-part-4-1179.html,https://mathworksheetkidsland.github.io/images/grade-2-division-practice-worksheet-24-problems-part-4-1179.jpg,Homeschool Math,03/17/2026 04:27:00 PM
Advanced Mathematics Problem Set for Students (8 Questions),Help kids master Math with this printable worksheet for Math. Great for daily math practice.,https://mathworksheetkidsland.github.io/html/advanced-mathematics-problem-set-for-students-8-questions-9185.html,https://mathworksheetkidsland.github.io/images/advanced-mathematics-problem-set-for-students-8-questions-9185.jpg,Elementary Math Activities,03/17/2026 08:31:00 PM
Missing Number Math Worksheet,Printable Missing Number worksheet designed for Grade 1 students. Easy and fun math practice.,https://mathworksheetkidsland.github.io/html/missing-number-math-worksheet-8809.html,https://mathworksheetkidsland.github.io/images/missing-number-math-worksheet-8809.jpg,Math Practice Printables,03/18/2026 08:37:00 AM
Mixed Operations Math Worksheet,Help kids master Mixed Operations with this printable worksheet for Grade 3. Great for daily math practice.,https://mathworksheetkidsland.github.io/html/mixed-operations-math-worksheet-4124.html,https://mathworksheetkidsland.github.io/images/mixed-operations-math-worksheet-4124.jpg,Math Practice Printables,03/18/2026 11:02:00 AM
Free 14 Multiplication Math Worksheet For Grade 1 With Answers - Part 8 | Printable Practice,Printable Multiplication worksheet designed for Grade 1 students. Easy and fun math practice.,https://mathworksheetkidsland.github.io/html/free-14-multiplication-math-worksheet-for-grade-1-with-answers-part-8-4571.html,https://mathworksheetkidsland.github.io/images/free-14-multiplication-math-worksheet-for-grade-1-with-answers-part-8-4571.jpg,Elementary Math Activities,03/18/2026 01:34:00 PM
Free 23 Subtraction Math Worksheet For Grade 5 With Answers - Part 9 | Printable Practice,Teachers and parents love this Subtraction worksheet for Grade 5. Download and print instantly.,https://mathworksheetkidsland.github.io/html/free-23-subtraction-math-worksheet-for-grade-5-with-answers-part-9-7283.html,https://mathworksheetkidsland.github.io/images/free-23-subtraction-math-worksheet-for-grade-5-with-answers-part-9-7283.jpg,Kids Math Worksheets,03/18/2026 04:32:00 PM
Grade 2 Multiplication Table 5 Practice - Part 10 | Printable Practice,Free printable Times Table worksheet for Grade 2. Perfect for homeschool practice and classroom activities.,https://mathworksheetkidsland.github.io/html/grade-2-multiplication-table-5-practice-part-10-3813.html,https://mathworksheetkidsland.github.io/images/grade-2-multiplication-table-5-practice-part-10-3813.jpg,Elementary Math Activities,03/18/2026 08:29:00 PM
Printable Tracing Worksheet For Kids - Part 11 | Free Printable,Help kids master Tracing with this printable worksheet for Preschool. Great for daily math practice.,https://mathworksheetkidsland.github.io/html/printable-tracing-worksheet-for-kids-part-11-9924.html,https://mathworksheetkidsland.github.io/images/printable-tracing-worksheet-for-kids-part-11-9924.jpg,Printable Worksheets,03/19/2026 08:24:00 AM
Math Word Problem Worksheet,Help kids master Word Problem with this printable worksheet for Grade 3. Great for daily math practice.,https://mathworksheetkidsland.github.io/html/math-word-problem-worksheet-3225.html,https://mathworksheetkidsland.github.io/images/math-word-problem-worksheet-3225.jpg,Math Practice Printables,03/19/2026 11:00:00 AM
Free 29 Addition Math Worksheet For Grade 3 - Part 13 | Printable Practice,Teachers and parents love this Addition worksheet for Grade 3. Download and print instantly.,https://mathworksheetkidsland.github.io/html/free-29-addition-math-worksheet-for-grade-3-part-13-5504.html,https://mathworksheetkidsland.github.io/images/free-29-addition-math-worksheet-for-grade-3-part-13-5504.jpg,Elementary Math Activities,03/19/2026 01:29:00 PM
Free Preschool Count and Color Worksheet,Fun and engaging Count and Color worksheet for Preschool. Perfect printable math practice.,https://mathworksheetkidsland.github.io/html/free-preschool-count-and-color-worksheet-8937.html,https://mathworksheetkidsland.github.io/images/free-preschool-count-and-color-worksheet-8937.jpg,Kids Math Worksheets,03/19/2026 04:25:00 PM
Free Counting Objects Worksheet For Kindergarten - Part 15 | Printable Practice,Printable Counting Objects worksheet designed for Kindergarten students. Easy and fun math practice.,https://mathworksheetkidsland.github.io/html/free-counting-objects-worksheet-for-kindergarten-part-15-1454.html,https://mathworksheetkidsland.github.io/images/free-counting-objects-worksheet-for-kindergarten-part-15-1454.jpg,Elementary Math Activities,03/19/2026 08:28:00 PM
Printable Free 28 Division Math Worksheet For Grade 1 - Part 16 | Printable Practice,Teachers and parents love this Division worksheet for Grade 1. Download and print instantly.,https://mathworksheetkidsland.github.io/html/printable-free-28-division-math-worksheet-for-grade-1-part-16-6402.html,https://mathworksheetkidsland.github.io/images/printable-free-28-division-math-worksheet-for-grade-1-part-16-6402.jpg,Math Practice Printables,03/20/2026 08:29:00 AM
4 General Math Quiz for Study,Free printable Math worksheet for Math. Perfect for homeschool practice and classroom activities.,https://mathworksheetkidsland.github.io/html/4-general-math-quiz-for-study-5067.html,https://mathworksheetkidsland.github.io/images/4-general-math-quiz-for-study-5067.jpg,Elementary Math Activities,03/20/2026 11:00:00 AM
Missing Number Math Worksheet,Free printable Missing Number worksheet for Grade 1. Perfect for homeschool practice and classroom activities.,https://mathworksheetkidsland.github.io/html/missing-number-math-worksheet-1177.html,https://mathworksheetkidsland.github.io/images/missing-number-math-worksheet-1177.jpg,Printable Worksheets,03/20/2026 01:31:00 PM
Mixed Operations Math Worksheet,Free printable Mixed Operations worksheet for Grade 3. Perfect for homeschool practice and classroom activities.,https://mathworksheetkidsland.github.io/html/mixed-operations-math-worksheet-3763.html,https://mathworksheetkidsland.github.io/images/mixed-operations-math-worksheet-3763.jpg,Printable Worksheets,03/20/2026 04:34:00 PM
Grade 1 Multiplication Practice Worksheet (21 Problems) - Part 20 | Printable Practice,Help kids master Multiplication with this printable worksheet for Grade 1. Great for daily math practice.,https://mathworksheetkidsland.github.io/html/grade-1-multiplication-practice-worksheet-21-problems-part-20-7185.html,https://mathworksheetkidsland.github.io/images/grade-1-multiplication-practice-worksheet-21-problems-part-20-7185.jpg,Math Practice Printables,03/20/2026 08:28:00 PM
Free 18 Subtraction Math Worksheet For Grade 2 - Part 21 | Printable Practice,Fun and engaging Subtraction worksheet for Grade 2. Perfect printable math practice.,https://mathworksheetkidsland.github.io/html/free-18-subtraction-math-worksheet-for-grade-2-part-21-1345.html,https://mathworksheetkidsland.github.io/images/free-18-subtraction-math-worksheet-for-grade-2-part-21-1345.jpg,Math Practice Printables,03/21/2026 08:38:00 AM
10 Times Table Worksheet For Grade 3 - Part 22 | Printable Practice,Printable Times Table worksheet designed for Grade 3 students. Easy and fun math practice.,https://mathworksheetkidsland.github.io/html/10-times-table-worksheet-for-grade-3-part-22-6592.html,https://mathworksheetkidsland.github.io/images/10-times-table-worksheet-for-grade-3-part-22-6592.jpg,Math Practice Printables,03/21/2026 11:05:00 AM
Printable Tracing Worksheet For Kids - Part 23 | Free Printable,Free printable Tracing worksheet for Kindergarten. Perfect for homeschool practice and classroom activities.,https://mathworksheetkidsland.github.io/html/printable-tracing-worksheet-for-kids-part-23-2265.html,https://mathworksheetkidsland.github.io/images/printable-tracing-worksheet-for-kids-part-23-2265.jpg,Homeschool Math,03/21/2026 01:29:00 PM
Math Word Problem Worksheet,Fun and engaging Word Problem worksheet for Grade 3. Perfect printable math practice.,https://mathworksheetkidsland.github.io/html/math-word-problem-worksheet-7192.html,https://mathworksheetkidsland.github.io/images/math-word-problem-worksheet-7192.jpg,Elementary Math Activities,03/21/2026 04:24:00 PM
Printable Free 19 Addition Math Worksheet For Grade 3 - Part 25 | Printable Practice,Help kids master Addition with this printable worksheet for Grade 3. Great for daily math practice.,https://mathworksheetkidsland.github.io/html/printable-free-19-addition-math-worksheet-for-grade-3-part-25-5322.html,https://mathworksheetkidsland.github.io/images/printable-free-19-addition-math-worksheet-for-grade-3-part-25-5322.jpg,Elementary Math Activities,03/21/2026 08:32:00 PM
Grade 1 Count and Color Shapes Worksheet,Printable Count and Color worksheet designed for Grade 1 students. Easy and fun math practice.,https://mathworksheetkidsland.github.io/html/grade-1-count-and-color-shapes-worksheet-4502.html,https://mathworksheetkidsland.github.io/images/grade-1-count-and-color-shapes-worksheet-4502.jpg,Homeschool Math,03/22/2026 08:32:00 AM
Free Counting Objects Worksheet For Pre-K - Part 27 | Printable Practice,Teachers and parents love this Counting Objects worksheet for Pre-K. Download and print instantly.,https://mathworksheetkidsland.github.io/html/free-counting-objects-worksheet-for-pre-k-part-27-5385.html,https://mathworksheetkidsland.github.io/images/free-counting-objects-worksheet-for-pre-k-part-27-5385.jpg,Homeschool Math,03/22/2026 11:00:00 AM
Free 26 Division Math Worksheet For Grade 1 - Part 28 | Printable Practice,Teachers and parents love this Division worksheet for Grade 1. Download and print instantly.,https://mathworksheetkidsland.github.io/html/free-26-division-math-worksheet-for-grade-1-part-28-1999.html,https://mathworksheetkidsland.github.io/images/free-26-division-math-worksheet-for-grade-1-part-28-1999.jpg,Printable Worksheets,03/22/2026 01:26:00 PM
General Knowledge Math Knowledge Test Printable Worksheet for Students,Fun and engaging Math worksheet for Math. Perfect printable math practice.,https://mathworksheetkidsland.github.io/html/general-knowledge-math-knowledge-test-printable-worksheet-for-students-7409.html,https://mathworksheetkidsland.github.io/images/general-knowledge-math-knowledge-test-printable-worksheet-for-students-7409.jpg,Kids Math Worksheets,03/22/2026 04:38:00 PM
Missing Number Math Worksheet,Printable Missing Number worksheet designed for Grade 1 students. Easy and fun math practice.,https://mathworksheetkidsland.github.io/html/missing-number-math-worksheet-2787.html,https://mathworksheetkidsland.github.io/images/missing-number-math-worksheet-2787.jpg,Printable Worksheets,03/22/2026 08:28:00 PM
Mixed Operations Math Worksheet,Help kids master Mixed Operations with this printable worksheet for Grade 3. Great for daily math practice.,https://mathworksheetkidsland.github.io/html/mixed-operations-math-worksheet-1242.html,https://mathworksheetkidsland.github.io/images/mixed-operations-math-worksheet-1242.jpg,Kids Math Worksheets,03/23/2026 08:36:00 AM
Printable Free 19 Multiplication Math Worksheet For Grade 1 - Part 32 | Printable Practice,Teachers and parents love this Multiplication worksheet for Grade 1. Download and print instantly.,https://mathworksheetkidsland.github.io/html/printable-free-19-multiplication-math-worksheet-for-grade-1-part-32-6254.html,https://mathworksheetkidsland.github.io/images/printable-free-19-multiplication-math-worksheet-for-grade-1-part-32-6254.jpg,Elementary Math Activities,03/23/2026 11:07:00 AM
Free 23 Subtraction Math Worksheet For Grade 5 With Answers - Part 33 | Printable Practice,Free printable Subtraction worksheet for Grade 5. Perfect for homeschool practice and classroom activities.,https://mathworksheetkidsland.github.io/html/free-23-subtraction-math-worksheet-for-grade-5-with-answers-part-33-2995.html,https://mathworksheetkidsland.github.io/images/free-23-subtraction-math-worksheet-for-grade-5-with-answers-part-33-2995.jpg,Elementary Math Activities,03/23/2026 01:26:00 PM
4 Times Table Worksheet For Grade 2 - Part 34 | Printable Practice,Fun and engaging Times Table worksheet for Grade 2. Perfect printable math practice.,https://mathworksheetkidsland.github.io/html/4-times-table-worksheet-for-grade-2-part-34-2923.html,https://mathworksheetkidsland.github.io/images/4-times-table-worksheet-for-grade-2-part-34-2923.jpg,Elementary Math Activities,03/23/2026 04:30:00 PM
Printable Tracing Worksheet For Kids - Part 35 | Free Printable,Help kids master Tracing with this printable worksheet for Kindergarten. Great for daily math practice.,https://mathworksheetkidsland.github.io/html/printable-tracing-worksheet-for-kids-part-35-2238.html,https://mathworksheetkidsland.github.io/images/printable-tracing-worksheet-for-kids-part-35-2238.jpg,Printable Worksheets,03/23/2026 08:24:00 PM
Math Word Problem Worksheet,Free printable Word Problem worksheet for Grade 3. Perfect for homeschool practice and classroom activities.,https://mathworksheetkidsland.github.io/html/math-word-problem-worksheet-8330.html,https://mathworksheetkidsland.github.io/images/math-word-problem-worksheet-8330.jpg,Homeschool Math,03/24/2026 08:35:00 AM
Free 22 Addition Math Worksheet For Grade 3 - Part 37 | Printable Practice,Fun and engaging Addition worksheet for Grade 3. Perfect printable math practice.,https://mathworksheetkidsland.github.io/html/free-22-addition-math-worksheet-for-grade-3-part-37-1873.html,https://mathworksheetkidsland.github.io/images/free-22-addition-math-worksheet-for-grade-3-part-37-1873.jpg,Printable Worksheets,03/24/2026 11:00:00 AM
Free Preschool Count and Color Worksheet,Help kids master Count and Color with this printable worksheet for Preschool. Great for daily math practice.,https://mathworksheetkidsland.github.io/html/free-preschool-count-and-color-worksheet-6948.html,https://mathworksheetkidsland.github.io/images/free-preschool-count-and-color-worksheet-6948.jpg,Kids Math Worksheets,03/24/2026 01:22:00 PM
Learn Counting With Pictures Worksheet (Kindergarten) - Part 39 | Printable Practice,Help kids master Counting Objects with this printable worksheet for Kindergarten. Great for daily math practice.,https://mathworksheetkidsland.github.io/html/learn-counting-with-pictures-worksheet-kindergarten-part-39-7265.html,https://mathworksheetkidsland.github.io/images/learn-counting-with-pictures-worksheet-kindergarten-part-39-7265.jpg,Elementary Math Activities,03/24/2026 04:37:00 PM
Free 12 Division Math Worksheet For Grade 1 - Part 40 | Printable Practice,Help kids master Division with this printable worksheet for Grade 1. Great for daily math practice.,https://mathworksheetkidsland.github.io/html/free-12-division-math-worksheet-for-grade-1-part-40-5082.html,https://mathworksheetkidsland.github.io/images/free-12-division-math-worksheet-for-grade-1-part-40-5082.jpg,Printable Worksheets,03/24/2026 08:29:00 PM
Challenging General Math Quiz Worksheet (4 Questions),Printable Math worksheet designed for Math students. Easy and fun math practice.,https://mathworksheetkidsland.github.io/html/challenging-general-math-quiz-worksheet-4-questions-3121.html,https://mathworksheetkidsland.github.io/images/challenging-general-math-quiz-worksheet-4-questions-3121.jpg,Printable Worksheets,03/25/2026 08:37:00 AM
Missing Number Math Worksheet,Free printable Missing Number worksheet for Grade 1. Perfect for homeschool practice and classroom activities.,https://mathworksheetkidsland.github.io/html/missing-number-math-worksheet-3124.html,https://mathworksheetkidsland.github.io/images/missing-number-math-worksheet-3124.jpg,Math Practice Printables,03/25/2026 11:05:00 AM
Mixed Operations Math Worksheet,Help kids master Mixed Operations with this printable worksheet for Grade 3. Great for daily math practice.,https://mathworksheetkidsland.github.io/html/mixed-operations-math-worksheet-4791.html,https://mathworksheetkidsland.github.io/images/mixed-operations-math-worksheet-4791.jpg,Elementary Math Activities,03/25/2026 01:32:00 PM
Free 28 Multiplication Math Worksheet For Grade 2 With Answers - Part 44 | Printable Practice,Help kids master Multiplication with this printable worksheet for Grade 2. Great for daily math practice.,https://mathworksheetkidsland.github.io/html/free-28-multiplication-math-worksheet-for-grade-2-with-answers-part-44-1634.html,https://mathworksheetkidsland.github.io/images/free-28-multiplication-math-worksheet-for-grade-2-with-answers-part-44-1634.jpg,Elementary Math Activities,03/25/2026 04:22:00 PM
Free 13 Subtraction Math Worksheet For Grade 5 - Part 45 | Printable Practice,Free printable Subtraction worksheet for Grade 5. Perfect for homeschool practice and classroom activities.,https://mathworksheetkidsland.github.io/html/free-13-subtraction-math-worksheet-for-grade-5-part-45-2378.html,https://mathworksheetkidsland.github.io/images/free-13-subtraction-math-worksheet-for-grade-5-part-45-2378.jpg,Homeschool Math,03/25/2026 08:23:00 PM
2 Times Table Worksheet For Grade 2 With Answers - Part 46 | Printable Practice,Help kids master Times Table with this printable worksheet for Grade 2. Great for daily math practice.,https://mathworksheetkidsland.github.io/html/2-times-table-worksheet-for-grade-2-with-answers-part-46-1067.html,https://mathworksheetkidsland.github.io/images/2-times-table-worksheet-for-grade-2-with-answers-part-46-1067.jpg,Homeschool Math,03/26/2026 08:35:00 AM
Printable Tracing Worksheet For Kids - Part 47 | Free Printable,Printable Tracing worksheet designed for Kindergarten students. Easy and fun math practice.,https://mathworksheetkidsland.github.io/html/printable-tracing-worksheet-for-kids-part-47-9683.html,https://mathworksheetkidsland.github.io/images/printable-tracing-worksheet-for-kids-part-47-9683.jpg,Kids Math Worksheets,03/26/2026 11:00:00 AM
Math Word Problem Worksheet,Free printable Word Problem worksheet for Grade 3. Perfect for homeschool practice and classroom activities.,https://mathworksheetkidsland.github.io/html/math-word-problem-worksheet-6683.html,https://mathworksheetkidsland.github.io/images/math-word-problem-worksheet-6683.jpg,Homeschool Math,03/26/2026 01:23:00 PM
Grade 1 Addition Practice Worksheet (21 Problems) - Part 49 | Printable Practice,Help kids master Addition with this printable worksheet for Grade 1. Great for daily math practice.,https://mathworksheetkidsland.github.io/html/grade-1-addition-practice-worksheet-21-problems-part-49-3676.html,https://mathworksheetkidsland.github.io/images/grade-1-addition-practice-worksheet-21-problems-part-49-3676.jpg,Kids Math Worksheets,03/26/2026 04:34:00 PM
Grade 1 Count and Color Shapes Worksheet,Fun and engaging Count and Color worksheet for Grade 1. Perfect printable math practice.,https://mathworksheetkidsland.github.io/html/grade-1-count-and-color-shapes-worksheet-1933.html,https://mathworksheetkidsland.github.io/images/grade-1-count-and-color-shapes-worksheet-1933.jpg,Kids Math Worksheets,03/26/2026 08:25:00 PM
Kindergarten Count The Objects Worksheet - Part 51 | Printable Practice,Free printable Counting Objects worksheet for Kindergarten. Perfect for homeschool practice and classroom activities.,https://mathworksheetkidsland.github.io/html/kindergarten-count-the-objects-worksheet-part-51-6163.html,https://mathworksheetkidsland.github.io/images/kindergarten-count-the-objects-worksheet-part-51-6163.jpg,Homeschool Math,03/27/2026 08:29:00 AM
Grade 2 Division Practice Worksheet (16 Problems) - Part 52 | Printable Practice,Printable Division worksheet designed for Grade 2 students. Easy and fun math practice.,https://mathworksheetkidsland.github.io/html/grade-2-division-practice-worksheet-16-problems-part-52-2630.html,https://mathworksheetkidsland.github.io/images/grade-2-division-practice-worksheet-16-problems-part-52-2630.jpg,Homeschool Math,03/27/2026 11:00:00 AM
8 General Math Quiz for Practice,Help kids master Math with this printable worksheet for Math. Great for daily math practice.,https://mathworksheetkidsland.github.io/html/8-general-math-quiz-for-practice-5896.html,https://mathworksheetkidsland.github.io/images/8-general-math-quiz-for-practice-5896.jpg,Elementary Math Activities,03/27/2026 01:28:00 PM
Missing Number Math Worksheet,Help kids master Missing Number with this printable worksheet for Grade 1. Great for daily math practice.,https://mathworksheetkidsland.github.io/html/missing-number-math-worksheet-7310.html,https://mathworksheetkidsland.github.io/images/missing-number-math-worksheet-7310.jpg,Elementary Math Activities,03/27/2026 04:34:00 PM
Mixed Operations Math Worksheet,Help kids master Mixed Operations with this printable worksheet for Grade 3. Great for daily math practice.,https://mathworksheetkidsland.github.io/html/mixed-operations-math-worksheet-9922.html,https://mathworksheetkidsland.github.io/images/mixed-operations-math-worksheet-9922.jpg,Kids Math Worksheets,03/27/2026 08:23:00 PM
Free 19 Multiplication Math Worksheet For Grade 2 - Part 56 | Printable Practice,Teachers and parents love this Multiplication worksheet for Grade 2. Download and print instantly.,https://mathworksheetkidsland.github.io/html/free-19-multiplication-math-worksheet-for-grade-2-part-56-8263.html,https://mathworksheetkidsland.github.io/images/free-19-multiplication-math-worksheet-for-grade-2-part-56-8263.jpg,Printable Worksheets,03/28/2026 08:29:00 AM
Free 18 Subtraction Math Worksheet For Grade 2 With Answers - Part 57 | Printable Practice,Free printable Subtraction worksheet for Grade 2. Perfect for homeschool practice and classroom activities.,https://mathworksheetkidsland.github.io/html/free-18-subtraction-math-worksheet-for-grade-2-with-answers-part-57-7996.html,https://mathworksheetkidsland.github.io/images/free-18-subtraction-math-worksheet-for-grade-2-with-answers-part-57-7996.jpg,Kids Math Worksheets,03/28/2026 11:07:00 AM
5 Times Table Worksheet For Grade 2 - Part 58 | Printable Practice,Teachers and parents love this Times Table worksheet for Grade 2. Download and print instantly.,https://mathworksheetkidsland.github.io/html/5-times-table-worksheet-for-grade-2-part-58-5105.html,https://mathworksheetkidsland.github.io/images/5-times-table-worksheet-for-grade-2-part-58-5105.jpg,Elementary Math Activities,03/28/2026 01:33:00 PM
Printable Tracing Worksheet For Kids - Part 59 | Free Printable,Teachers and parents love this Tracing worksheet for Preschool. Download and print instantly.,https://mathworksheetkidsland.github.io/html/printable-tracing-worksheet-for-kids-part-59-5170.html,https://mathworksheetkidsland.github.io/images/printable-tracing-worksheet-for-kids-part-59-5170.jpg,Math Practice Printables,03/28/2026 04:23:00 PM
Math Word Problem Worksheet,Help kids master Word Problem with this printable worksheet for Grade 3. Great for daily math practice.,https://mathworksheetkidsland.github.io/html/math-word-problem-worksheet-8543.html,https://mathworksheetkidsland.github.io/images/math-word-problem-worksheet-8543.jpg,Kids Math Worksheets,03/28/2026 08:25:00 PM
Free 19 Addition Math Worksheet For Grade 5 - Part 61 | Printable Practice,Free printable Addition worksheet for Grade 5. Perfect for homeschool practice and classroom activities.,https://mathworksheetkidsland.github.io/html/free-19-addition-math-worksheet-for-grade-5-part-61-5721.html,https://mathworksheetkidsland.github.io/images/free-19-addition-math-worksheet-for-grade-5-part-61-5721.jpg,Elementary Math Activities,03/29/2026 08:33:00 AM
Printable Count and Color Worksheet for Preschool Kids,Fun and engaging Count and Color worksheet for Preschool. Perfect printable math practice.,https://mathworksheetkidsland.github.io/html/printable-count-and-color-worksheet-for-preschool-kids-6328.html,https://mathworksheetkidsland.github.io/images/printable-count-and-color-worksheet-for-preschool-kids-6328.jpg,Printable Worksheets,03/29/2026 11:01:00 AM
Learn Counting With Pictures Worksheet (Kindergarten) - Part 63 | Printable Practice,Printable Counting Objects worksheet designed for Kindergarten students. Easy and fun math practice.,https://mathworksheetkidsland.github.io/html/learn-counting-with-pictures-worksheet-kindergarten-part-63-1619.html,https://mathworksheetkidsland.github.io/images/learn-counting-with-pictures-worksheet-kindergarten-part-63-1619.jpg,Elementary Math Activities,03/29/2026 01:23:00 PM
Free 19 Division Math Worksheet For Grade 2 With Answers - Part 64 | Printable Practice,Free printable Division worksheet for Grade 2. Perfect for homeschool practice and classroom activities.,https://mathworksheetkidsland.github.io/html/free-19-division-math-worksheet-for-grade-2-with-answers-part-64-1641.html,https://mathworksheetkidsland.github.io/images/free-19-division-math-worksheet-for-grade-2-with-answers-part-64-1641.jpg,Elementary Math Activities,03/29/2026 04:28:00 PM
4 Math Knowledge Test Worksheet for Study,Fun and engaging Math worksheet for Math. Perfect printable math practice.,https://mathworksheetkidsland.github.io/html/4-math-knowledge-test-worksheet-for-study-2276.html,https://mathworksheetkidsland.github.io/images/4-math-knowledge-test-worksheet-for-study-2276.jpg,Homeschool Math,03/29/2026 08:37:00 PM
Missing Number Math Worksheet,Teachers and parents love this Missing Number worksheet for Grade 1. Download and print instantly.,https://mathworksheetkidsland.github.io/html/missing-number-math-worksheet-2192.html,https://mathworksheetkidsland.github.io/images/missing-number-math-worksheet-2192.jpg,Math Practice Printables,03/30/2026 08:33:00 AM
Mixed Operations Math Worksheet,Free printable Mixed Operations worksheet for Grade 3. Perfect for homeschool practice and classroom activities.,https://mathworksheetkidsland.github.io/html/mixed-operations-math-worksheet-5769.html,https://mathworksheetkidsland.github.io/images/mixed-operations-math-worksheet-5769.jpg,Printable Worksheets,03/30/2026 11:08:00 AM
Grade 2 Multiplication Practice Worksheet (15 Problems) - Part 68 | Printable Practice,Printable Multiplication worksheet designed for Grade 2 students. Easy and fun math practice.,https://mathworksheetkidsland.github.io/html/grade-2-multiplication-practice-worksheet-15-problems-part-68-5403.html,https://mathworksheetkidsland.github.io/images/grade-2-multiplication-practice-worksheet-15-problems-part-68-5403.jpg,Elementary Math Activities,03/30/2026 01:30:00 PM
Printable Free 11 Subtraction Math Worksheet For Grade 5 - Part 69 | Printable Practice,Teachers and parents love this Subtraction worksheet for Grade 5. Download and print instantly.,https://mathworksheetkidsland.github.io/html/printable-free-11-subtraction-math-worksheet-for-grade-5-part-69-9713.html,https://mathworksheetkidsland.github.io/images/printable-free-11-subtraction-math-worksheet-for-grade-5-part-69-9713.jpg,Elementary Math Activities,03/30/2026 04:31:00 PM
12 Times Table Worksheet For Grade 4 - Part 70 | Printable Practice,Fun and engaging Times Table worksheet for Grade 4. Perfect printable math practice.,https://mathworksheetkidsland.github.io/html/12-times-table-worksheet-for-grade-4-part-70-7720.html,https://mathworksheetkidsland.github.io/images/12-times-table-worksheet-for-grade-4-part-70-7720.jpg,Kids Math Worksheets,03/30/2026 08:29:00 PM
Printable Tracing Worksheet For Kids - Part 71 | Free Printable,Fun and engaging Tracing worksheet for Preschool. Perfect printable math practice.,https://mathworksheetkidsland.github.io/html/printable-tracing-worksheet-for-kids-part-71-4013.html,https://mathworksheetkidsland.github.io/images/printable-tracing-worksheet-for-kids-part-71-4013.jpg,Elementary Math Activities,03/31/2026 08:26:00 AM
Math Word Problem Worksheet,Teachers and parents love this Word Problem worksheet for Grade 3. Download and print instantly.,https://mathworksheetkidsland.github.io/html/math-word-problem-worksheet-4495.html,https://mathworksheetkidsland.github.io/images/math-word-problem-worksheet-4495.jpg,Kids Math Worksheets,03/31/2026 11:03:00 AM
Grade 5 Addition Practice Worksheet (10 Problems) - Part 73 | Printable Practice,Free printable Addition worksheet for Grade 5. Perfect for homeschool practice and classroom activities.,https://mathworksheetkidsland.github.io/html/grade-5-addition-practice-worksheet-10-problems-part-73-5412.html,https://mathworksheetkidsland.github.io/images/grade-5-addition-practice-worksheet-10-problems-part-73-5412.jpg,Printable Worksheets,03/31/2026 01:28:00 PM
Printable Count and Color Worksheet for Preschool Kids,Printable Count and Color worksheet designed for Preschool students. Easy and fun math practice.,https://mathworksheetkidsland.github.io/html/printable-count-and-color-worksheet-for-preschool-kids-7601.html,https://mathworksheetkidsland.github.io/images/printable-count-and-color-worksheet-for-preschool-kids-7601.jpg,Homeschool Math,03/31/2026 04:35:00 PM
Free Counting Objects Worksheet For Kindergarten - Part 75 | Printable Practice,Fun and engaging Counting Objects worksheet for Kindergarten. Perfect printable math practice.,https://mathworksheetkidsland.github.io/html/free-counting-objects-worksheet-for-kindergarten-part-75-1680.html,https://mathworksheetkidsland.github.io/images/free-counting-objects-worksheet-for-kindergarten-part-75-1680.jpg,Printable Worksheets,03/31/2026 08:31:00 PM
Printable Free 19 Division Math Worksheet For Grade 2 - Part 76 | Printable Practice,Free printable Division worksheet for Grade 2. Perfect for homeschool practice and classroom activities.,https://mathworksheetkidsland.github.io/html/printable-free-19-division-math-worksheet-for-grade-2-part-76-4432.html,https://mathworksheetkidsland.github.io/images/printable-free-19-division-math-worksheet-for-grade-2-part-76-4432.jpg,Kids Math Worksheets,04/01/2026 08:28:00 AM
7 General Math Quiz for High School Students,Help kids master Math with this printable worksheet for Math. Great for daily math practice.,https://mathworksheetkidsland.github.io/html/7-general-math-quiz-for-high-school-students-8393.html,https://mathworksheetkidsland.github.io/images/7-general-math-quiz-for-high-school-students-8393.jpg,Homeschool Math,04/01/2026 11:00:00 AM
Missing Number Math Worksheet,Help kids master Missing Number with this printable worksheet for Grade 1. Great for daily math practice.,https://mathworksheetkidsland.github.io/html/missing-number-math-worksheet-2112.html,https://mathworksheetkidsland.github.io/images/missing-number-math-worksheet-2112.jpg,Math Practice Printables,04/01/2026 01:35:00 PM
Mixed Operations Math Worksheet,Teachers and parents love this Mixed Operations worksheet for Grade 3. Download and print instantly.,https://mathworksheetkidsland.github.io/html/mixed-operations-math-worksheet-5872.html,https://mathworksheetkidsland.github.io/images/mixed-operations-math-worksheet-5872.jpg,Elementary Math Activities,04/01/2026 04:30:00 PM
Printable Free 13 Multiplication Math Worksheet For Grade 2 - Part 80 | Printable Practice,Fun and engaging Multiplication worksheet for Grade 2. Perfect printable math practice.,https://mathworksheetkidsland.github.io/html/printable-free-13-multiplication-math-worksheet-for-grade-2-part-80-1872.html,https://mathworksheetkidsland.github.io/images/printable-free-13-multiplication-math-worksheet-for-grade-2-part-80-1872.jpg,Printable Worksheets,04/01/2026 08:23:00 PM
Grade 5 Subtraction Practice Worksheet (12 Problems) - Part 81 | Printable Practice,Fun and engaging Subtraction worksheet for Grade 5. Perfect printable math practice.,https://mathworksheetkidsland.github.io/html/grade-5-subtraction-practice-worksheet-12-problems-part-81-9992.html,https://mathworksheetkidsland.github.io/images/grade-5-subtraction-practice-worksheet-12-problems-part-81-9992.jpg,Homeschool Math,04/02/2026 08:34:00 AM
Printable 2 Times Table Worksheet For Grade 2 - Part 82 | Printable Practice,Teachers and parents love this Times Table worksheet for Grade 2. Download and print instantly.,https://mathworksheetkidsland.github.io/html/printable-2-times-table-worksheet-for-grade-2-part-82-5392.html,https://mathworksheetkidsland.github.io/images/printable-2-times-table-worksheet-for-grade-2-part-82-5392.jpg,Homeschool Math,04/02/2026 11:00:00 AM
Printable Tracing Worksheet For Kids - Part 83 | Free Printable,Fun and engaging Tracing worksheet for Kindergarten. Perfect printable math practice.,https://mathworksheetkidsland.github.io/html/printable-tracing-worksheet-for-kids-part-83-9014.html,https://mathworksheetkidsland.github.io/images/printable-tracing-worksheet-for-kids-part-83-9014.jpg,Homeschool Math,04/02/2026 01:27:00 PM
Math Word Problem Worksheet,Help kids master Word Problem with this printable worksheet for Grade 3. Great for daily math practice.,https://mathworksheetkidsland.github.io/html/math-word-problem-worksheet-5426.html,https://mathworksheetkidsland.github.io/images/math-word-problem-worksheet-5426.jpg,Math Practice Printables,04/02/2026 04:24:00 PM
Free 26 Addition Math Worksheet For Grade 1 With Answers - Part 85 | Printable Practice,Printable Addition worksheet designed for Grade 1 students. Easy and fun math practice.,https://mathworksheetkidsland.github.io/html/free-26-addition-math-worksheet-for-grade-1-with-answers-part-85-3638.html,https://mathworksheetkidsland.github.io/images/free-26-addition-math-worksheet-for-grade-1-with-answers-part-85-3638.jpg,Math Practice Printables,04/02/2026 08:24:00 PM
Preschool Count and Color Shapes Worksheet,Help kids master Count and Color with this printable worksheet for Preschool. Great for daily math practice.,https://mathworksheetkidsland.github.io/html/preschool-count-and-color-shapes-worksheet-1577.html,https://mathworksheetkidsland.github.io/images/preschool-count-and-color-shapes-worksheet-1577.jpg,Homeschool Math,04/03/2026 08:28:00 AM
Kindergarten Count The Objects Worksheet - Part 87 | Printable Practice,Fun and engaging Counting Objects worksheet for Kindergarten. Perfect printable math practice.,https://mathworksheetkidsland.github.io/html/kindergarten-count-the-objects-worksheet-part-87-1078.html,https://mathworksheetkidsland.github.io/images/kindergarten-count-the-objects-worksheet-part-87-1078.jpg,Printable Worksheets,04/03/2026 11:00:00 AM
Grade 2 Division Practice Worksheet (17 Problems) - Part 88 | Printable Practice,Printable Division worksheet designed for Grade 2 students. Easy and fun math practice.,https://mathworksheetkidsland.github.io/html/grade-2-division-practice-worksheet-17-problems-part-88-7555.html,https://mathworksheetkidsland.github.io/images/grade-2-division-practice-worksheet-17-problems-part-88-7555.jpg,Elementary Math Activities,04/03/2026 01:28:00 PM
Practice Math Trivia Worksheet (4 Questions),Teachers and parents love this Math worksheet for Math. Download and print instantly.,https://mathworksheetkidsland.github.io/html/practice-math-trivia-worksheet-4-questions-3396.html,https://mathworksheetkidsland.github.io/images/practice-math-trivia-worksheet-4-questions-3396.jpg,Homeschool Math,04/03/2026 04:35:00 PM
Missing Number Math Worksheet,Help kids master Missing Number with this printable worksheet for Grade 1. Great for daily math practice.,https://mathworksheetkidsland.github.io/html/missing-number-math-worksheet-3539.html,https://mathworksheetkidsland.github.io/images/missing-number-math-worksheet-3539.jpg,Printable Worksheets,04/03/2026 08:26:00 PM
Mixed Operations Math Worksheet,Teachers and parents love this Mixed Operations worksheet for Grade 3. Download and print instantly.,https://mathworksheetkidsland.github.io/html/mixed-operations-math-worksheet-8090.html,https://mathworksheetkidsland.github.io/images/mixed-operations-math-worksheet-8090.jpg,Elementary Math Activities,04/04/2026 08:31:00 AM
Grade 2 Multiplication Practice Worksheet (13 Problems) - Part 92 | Printable Practice,Fun and engaging Multiplication worksheet for Grade 2. Perfect printable math practice.,https://mathworksheetkidsland.github.io/html/grade-2-multiplication-practice-worksheet-13-problems-part-92-4857.html,https://mathworksheetkidsland.github.io/images/grade-2-multiplication-practice-worksheet-13-problems-part-92-4857.jpg,Kids Math Worksheets,04/04/2026 11:00:00 AM
Free 30 Subtraction Math Worksheet For Grade 5 With Answers - Part 93 | Printable Practice,Printable Subtraction worksheet designed for Grade 5 students. Easy and fun math practice.,https://mathworksheetkidsland.github.io/html/free-30-subtraction-math-worksheet-for-grade-5-with-answers-part-93-1290.html,https://mathworksheetkidsland.github.io/images/free-30-subtraction-math-worksheet-for-grade-5-with-answers-part-93-1290.jpg,Elementary Math Activities,04/04/2026 01:32:00 PM
Printable 2 Times Table Worksheet For Grade 2 - Part 94 | Printable Practice,Help kids master Times Table with this printable worksheet for Grade 2. Great for daily math practice.,https://mathworksheetkidsland.github.io/html/printable-2-times-table-worksheet-for-grade-2-part-94-7698.html,https://mathworksheetkidsland.github.io/images/printable-2-times-table-worksheet-for-grade-2-part-94-7698.jpg,Homeschool Math,04/04/2026 04:35:00 PM
Printable Tracing Worksheet For Kids - Part 95 | Free Printable,Free printable Tracing worksheet for Kindergarten. Perfect for homeschool practice and classroom activities.,https://mathworksheetkidsland.github.io/html/printable-tracing-worksheet-for-kids-part-95-2321.html,https://mathworksheetkidsland.github.io/images/printable-tracing-worksheet-for-kids-part-95-2321.jpg,Printable Worksheets,04/04/2026 08:38:00 PM
Math Word Problem Worksheet,Teachers and parents love this Word Problem worksheet for Grade 3. Download and print instantly.,https://mathworksheetkidsland.github.io/html/math-word-problem-worksheet-3241.html,https://mathworksheetkidsland.github.io/images/math-word-problem-worksheet-3241.jpg,Homeschool Math,04/05/2026 08:37:00 AM
Grade 1 Addition Practice Worksheet (23 Problems) - Part 97 | Printable Practice,Free printable Addition worksheet for Grade 1. Perfect for homeschool practice and classroom activities.,https://mathworksheetkidsland.github.io/html/grade-1-addition-practice-worksheet-23-problems-part-97-9090.html,https://mathworksheetkidsland.github.io/images/grade-1-addition-practice-worksheet-23-problems-part-97-9090.jpg,Math Practice Printables,04/05/2026 11:04:00 AM
Preschool Count and Color Shapes Worksheet,Help kids master Count and Color with this printable worksheet for Preschool. Great for daily math practice.,https://mathworksheetkidsland.github.io/html/preschool-count-and-color-shapes-worksheet-6547.html,https://mathworksheetkidsland.github.io/images/preschool-count-and-color-shapes-worksheet-6547.jpg,Printable Worksheets,04/05/2026 01:29:00 PM
Learn Counting With Pictures Worksheet (Kindergarten) - Part 99 | Printable Practice,Fun and engaging Counting Objects worksheet for Kindergarten. Perfect printable math practice.,https://mathworksheetkidsland.github.io/html/learn-counting-with-pictures-worksheet-kindergarten-part-99-4280.html,https://mathworksheetkidsland.github.io/images/learn-counting-with-pictures-worksheet-kindergarten-part-99-4280.jpg,Elementary Math Activities,04/05/2026 04:31:00 PM
Grade 1 Division Practice Worksheet (23 Problems) - Part 100 | Printable Practice,Printable Division worksheet designed for Grade 1 students. Easy and fun math practice.,https://mathworksheetkidsland.github.io/html/grade-1-division-practice-worksheet-23-problems-part-100-4912.html,https://mathworksheetkidsland.github.io/images/grade-1-division-practice-worksheet-23-problems-part-100-4912.jpg,Printable Worksheets,04/05/2026 08:24:00 PM
Interactive Math Skill Test Worksheet (4 Questions),Fun and engaging Math worksheet for Math. Perfect printable math practice.,https://mathworksheetkidsland.github.io/html/interactive-math-skill-test-worksheet-4-questions-7986.html,https://mathworksheetkidsland.github.io/images/interactive-math-skill-test-worksheet-4-questions-7986.jpg,Homeschool Math,04/06/2026 08:23:00 AM
Missing Number Math Worksheet,Free printable Missing Number worksheet for Grade 1. Perfect for homeschool practice and classroom activities.,https://mathworksheetkidsland.github.io/html/missing-number-math-worksheet-7918.html,https://mathworksheetkidsland.github.io/images/missing-number-math-worksheet-7918.jpg,Elementary Math Activities,04/06/2026 11:00:00 AM
Mixed Operations Math Worksheet,Teachers and parents love this Mixed Operations worksheet for Grade 3. Download and print instantly.,https://mathworksheetkidsland.github.io/html/mixed-operations-math-worksheet-3372.html,https://mathworksheetkidsland.github.io/images/mixed-operations-math-worksheet-3372.jpg,Elementary Math Activities,04/06/2026 01:22:00 PM
Free 25 Multiplication Math Worksheet For Grade 1 - Part 104 | Printable Practice,Free printable Multiplication worksheet for Grade 1. Perfect for homeschool practice and classroom activities.,https://mathworksheetkidsland.github.io/html/free-25-multiplication-math-worksheet-for-grade-1-part-104-4170.html,https://mathworksheetkidsland.github.io/images/free-25-multiplication-math-worksheet-for-grade-1-part-104-4170.jpg,Homeschool Math,04/06/2026 04:35:00 PM
Printable Free 20 Subtraction Math Worksheet For Grade 5 - Part 105 | Printable Practice,Fun and engaging Subtraction worksheet for Grade 5. Perfect printable math practice.,https://mathworksheetkidsland.github.io/html/printable-free-20-subtraction-math-worksheet-for-grade-5-part-105-1125.html,https://mathworksheetkidsland.github.io/images/printable-free-20-subtraction-math-worksheet-for-grade-5-part-105-1125.jpg,Math Practice Printables,04/06/2026 08:35:00 PM
Grade 3 Multiplication Table 6 Practice - Part 106 | Printable Practice,Teachers and parents love this Times Table worksheet for Grade 3. Download and print instantly.,https://mathworksheetkidsland.github.io/html/grade-3-multiplication-table-6-practice-part-106-5008.html,https://mathworksheetkidsland.github.io/images/grade-3-multiplication-table-6-practice-part-106-5008.jpg,Homeschool Math,04/07/2026 08:30:00 AM
Printable Tracing Worksheet For Kids - Part 107 | Free Printable,Fun and engaging Tracing worksheet for Kindergarten. Perfect printable math practice.,https://mathworksheetkidsland.github.io/html/printable-tracing-worksheet-for-kids-part-107-2555.html,https://mathworksheetkidsland.github.io/images/printable-tracing-worksheet-for-kids-part-107-2555.jpg,Printable Worksheets,04/07/2026 11:00:00 AM
Math Word Problem Worksheet,Help kids master Word Problem with this printable worksheet for Grade 3. Great for daily math practice.,https://mathworksheetkidsland.github.io/html/math-word-problem-worksheet-8767.html,https://mathworksheetkidsland.github.io/images/math-word-problem-worksheet-8767.jpg,Kids Math Worksheets,04/07/2026 01:36:00 PM
Free 17 Addition Math Worksheet For Grade 3 With Answers - Part 109 | Printable Practice,Fun and engaging Addition worksheet for Grade 3. Perfect printable math practice.,https://mathworksheetkidsland.github.io/html/free-17-addition-math-worksheet-for-grade-3-with-answers-part-109-7550.html,https://mathworksheetkidsland.github.io/images/free-17-addition-math-worksheet-for-grade-3-with-answers-part-109-7550.jpg,Math Practice Printables,04/07/2026 04:33:00 PM
"Count and Color Ball, Ball, Flower Worksheet for Kids",Printable Count and Color worksheet designed for Grade 1 students. Easy and fun math practice.,https://mathworksheetkidsland.github.io/html/count-and-color-ball-ball-flower-worksheet-for-kids-4028.html,https://mathworksheetkidsland.github.io/images/count-and-color-ball-ball-flower-worksheet-for-kids-4028.jpg,Printable Worksheets,04/07/2026 08:35:00 PM
Free Counting Objects Worksheet For Kindergarten - Part 111 | Printable Practice,Teachers and parents love this Counting Objects worksheet for Kindergarten. Download and print instantly.,https://mathworksheetkidsland.github.io/html/free-counting-objects-worksheet-for-kindergarten-part-111-7126.html,https://mathworksheetkidsland.github.io/images/free-counting-objects-worksheet-for-kindergarten-part-111-7126.jpg,Homeschool Math,04/08/2026 08:22:00 AM
Free 22 Division Math Worksheet For Grade 2 With Answers - Part 112 | Printable Practice,Fun and engaging Division worksheet for Grade 2. Perfect printable math practice.,https://mathworksheetkidsland.github.io/html/free-22-division-math-worksheet-for-grade-2-with-answers-part-112-4186.html,https://mathworksheetkidsland.github.io/images/free-22-division-math-worksheet-for-grade-2-with-answers-part-112-4186.jpg,Elementary Math Activities,04/08/2026 11:00:00 AM
7 Math Quiz Quiz Worksheet,Free printable Math worksheet for Math. Perfect for homeschool practice and classroom activities.,https://mathworksheetkidsland.github.io/html/7-math-quiz-quiz-worksheet-9688.html,https://mathworksheetkidsland.github.io/images/7-math-quiz-quiz-worksheet-9688.jpg,Homeschool Math,04/08/2026 01:37:00 PM
Missing Number Math Worksheet,Help kids master Missing Number with this printable worksheet for Grade 1. Great for daily math practice.,https://mathworksheetkidsland.github.io/html/missing-number-math-worksheet-9175.html,https://mathworksheetkidsland.github.io/images/missing-number-math-worksheet-9175.jpg,Math Practice Printables,04/08/2026 04:33:00 PM
Mixed Operations Math Worksheet,Teachers and parents love this Mixed Operations worksheet for Grade 3. Download and print instantly.,https://mathworksheetkidsland.github.io/html/mixed-operations-math-worksheet-8642.html,https://mathworksheetkidsland.github.io/images/mixed-operations-math-worksheet-8642.jpg,Elementary Math Activities,04/08/2026 08:36:00 PM
Grade 2 Multiplication Practice Worksheet (15 Problems) - Part 116 | Printable Practice,Help kids master Multiplication with this printable worksheet for Grade 2. Great for daily math practice.,https://mathworksheetkidsland.github.io/html/grade-2-multiplication-practice-worksheet-15-problems-part-116-9619.html,https://mathworksheetkidsland.github.io/images/grade-2-multiplication-practice-worksheet-15-problems-part-116-9619.jpg,Homeschool Math,04/09/2026 08:37:00 AM
Free 17 Subtraction Math Worksheet For Grade 2 With Answers - Part 117 | Printable Practice,Printable Subtraction worksheet designed for Grade 2 students. Easy and fun math practice.,https://mathworksheetkidsland.github.io/html/free-17-subtraction-math-worksheet-for-grade-2-with-answers-part-117-4731.html,https://mathworksheetkidsland.github.io/images/free-17-subtraction-math-worksheet-for-grade-2-with-answers-part-117-4731.jpg,Homeschool Math,04/09/2026 11:04:00 AM
2 Times Table Worksheet For Grade 2 - Part 118 | Printable Practice,Free printable Times Table worksheet for Grade 2. Perfect for homeschool practice and classroom activities.,https://mathworksheetkidsland.github.io/html/2-times-table-worksheet-for-grade-2-part-118-7726.html,https://mathworksheetkidsland.github.io/images/2-times-table-worksheet-for-grade-2-part-118-7726.jpg,Math Practice Printables,04/09/2026 01:37:00 PM
Printable Tracing Worksheet For Kids - Part 119 | Free Printable,Teachers and parents love this Tracing worksheet for Kindergarten. Download and print instantly.,https://mathworksheetkidsland.github.io/html/printable-tracing-worksheet-for-kids-part-119-5179.html,https://mathworksheetkidsland.github.io/images/printable-tracing-worksheet-for-kids-part-119-5179.jpg,Elementary Math Activities,04/09/2026 04:27:00 PM
Math Word Problem Worksheet,Fun and engaging Word Problem worksheet for Grade 3. Perfect printable math practice.,https://mathworksheetkidsland.github.io/html/math-word-problem-worksheet-1087.html,https://mathworksheetkidsland.github.io/images/math-word-problem-worksheet-1087.jpg,Printable Worksheets,04/09/2026 08:25:00 PM
Grade 5 Addition Practice Worksheet (11 Problems) - Part 121 | Printable Practice,Printable Addition worksheet designed for Grade 5 students. Easy and fun math practice.,https://mathworksheetkidsland.github.io/html/grade-5-addition-practice-worksheet-11-problems-part-121-6394.html,https://mathworksheetkidsland.github.io/images/grade-5-addition-practice-worksheet-11-problems-part-121-6394.jpg,Kids Math Worksheets,04/10/2026 08:37:00 AM
Printable Count and Color Worksheet for Preschool Kids,Teachers and parents love this Count and Color worksheet for Preschool. Download and print instantly.,https://mathworksheetkidsland.github.io/html/printable-count-and-color-worksheet-for-preschool-kids-4978.html,https://mathworksheetkidsland.github.io/images/printable-count-and-color-worksheet-for-preschool-kids-4978.jpg,Printable Worksheets,04/10/2026 11:00:00 AM
Kindergarten Count The Objects Worksheet - Part 123 | Printable Practice,Free printable Counting Objects worksheet for Kindergarten. Perfect for homeschool practice and classroom activities.,https://mathworksheetkidsland.github.io/html/kindergarten-count-the-objects-worksheet-part-123-5350.html,https://mathworksheetkidsland.github.io/images/kindergarten-count-the-objects-worksheet-part-123-5350.jpg,Kids Math Worksheets,04/10/2026 01:34:00 PM
Grade 1 Division Practice Worksheet (30 Problems) - Part 124 | Printable Practice,Fun and engaging Division worksheet for Grade 1. Perfect printable math practice.,https://mathworksheetkidsland.github.io/html/grade-1-division-practice-worksheet-30-problems-part-124-5724.html,https://mathworksheetkidsland.github.io/images/grade-1-division-practice-worksheet-30-problems-part-124-5724.jpg,Printable Worksheets,04/10/2026 04:25:00 PM
4 General Math Quiz Worksheet for High School Students,Free printable Math worksheet for Math. Perfect for homeschool practice and classroom activities.,https://mathworksheetkidsland.github.io/html/4-general-math-quiz-worksheet-for-high-school-students-6865.html,https://mathworksheetkidsland.github.io/images/4-general-math-quiz-worksheet-for-high-school-students-6865.jpg,Kids Math Worksheets,04/10/2026 08:33:00 PM
Missing Number Math Worksheet,Printable Missing Number worksheet designed for Grade 1 students. Easy and fun math practice.,https://mathworksheetkidsland.github.io/html/missing-number-math-worksheet-3080.html,https://mathworksheetkidsland.github.io/images/missing-number-math-worksheet-3080.jpg,Math Practice Printables,04/11/2026 08:37:00 AM
Mixed Operations Math Worksheet,Free printable Mixed Operations worksheet for Grade 3. Perfect for homeschool practice and classroom activities.,https://mathworksheetkidsland.github.io/html/mixed-operations-math-worksheet-3812.html,https://mathworksheetkidsland.github.io/images/mixed-operations-math-worksheet-3812.jpg,Printable Worksheets,04/11/2026 11:00:00 AM
Free 17 Multiplication Math Worksheet For Grade 2 - Part 128 | Printable Practice,Printable Multiplication worksheet designed for Grade 2 students. Easy and fun math practice.,https://mathworksheetkidsland.github.io/html/free-17-multiplication-math-worksheet-for-grade-2-part-128-2324.html,https://mathworksheetkidsland.github.io/images/free-17-multiplication-math-worksheet-for-grade-2-part-128-2324.jpg,Homeschool Math,04/11/2026 01:31:00 PM
Free 23 Subtraction Math Worksheet For Grade 2 - Part 129 | Printable Practice,Fun and engaging Subtraction worksheet for Grade 2. Perfect printable math practice.,https://mathworksheetkidsland.github.io/html/free-23-subtraction-math-worksheet-for-grade-2-part-129-6045.html,https://mathworksheetkidsland.github.io/images/free-23-subtraction-math-worksheet-for-grade-2-part-129-6045.jpg,Homeschool Math,04/11/2026 04:23:00 PM
Printable 9 Times Table Worksheet For Grade 3 - Part 130 | Printable Practice,Teachers and parents love this Times Table worksheet for Grade 3. Download and print instantly.,https://mathworksheetkidsland.github.io/html/printable-9-times-table-worksheet-for-grade-3-part-130-8004.html,https://mathworksheetkidsland.github.io/images/printable-9-times-table-worksheet-for-grade-3-part-130-8004.jpg,Elementary Math Activities,04/11/2026 08:23:00 PM
Printable Tracing Worksheet For Kids - Part 131 | Free Printable,Teachers and parents love this Tracing worksheet for Kindergarten. Download and print instantly.,https://mathworksheetkidsland.github.io/html/printable-tracing-worksheet-for-kids-part-131-4285.html,https://mathworksheetkidsland.github.io/images/printable-tracing-worksheet-for-kids-part-131-4285.jpg,Math Practice Printables,04/12/2026 08:22:00 AM
Math Word Problem Worksheet,Teachers and parents love this Word Problem worksheet for Grade 3. Download and print instantly.,https://mathworksheetkidsland.github.io/html/math-word-problem-worksheet-2825.html,https://mathworksheetkidsland.github.io/images/math-word-problem-worksheet-2825.jpg,Kids Math Worksheets,04/12/2026 11:03:00 AM
Free 30 Addition Math Worksheet For Grade 3 With Answers - Part 133 | Printable Practice,Help kids master Addition with this printable worksheet for Grade 3. Great for daily math practice.,https://mathworksheetkidsland.github.io/html/free-30-addition-math-worksheet-for-grade-3-with-answers-part-133-7340.html,https://mathworksheetkidsland.github.io/images/free-30-addition-math-worksheet-for-grade-3-with-answers-part-133-7340.jpg,Printable Worksheets,04/12/2026 01:28:00 PM
"Count and Color Car, Circle, Square Worksheet for Kids",Teachers and parents love this Count and Color worksheet for Kindergarten. Download and print instantly.,https://mathworksheetkidsland.github.io/html/count-and-color-car-circle-square-worksheet-for-kids-1022.html,https://mathworksheetkidsland.github.io/images/count-and-color-car-circle-square-worksheet-for-kids-1022.jpg,Kids Math Worksheets,04/12/2026 04:22:00 PM
Kindergarten Count The Objects Worksheet - Part 135 | Printable Practice,Fun and engaging Counting Objects worksheet for Kindergarten. Perfect printable math practice.,https://mathworksheetkidsland.github.io/html/kindergarten-count-the-objects-worksheet-part-135-9472.html,https://mathworksheetkidsland.github.io/images/kindergarten-count-the-objects-worksheet-part-135-9472.jpg,Elementary Math Activities,04/12/2026 08:28:00 PM
Printable Free 28 Division Math Worksheet For Grade 2 - Part 136 | Printable Practice,Fun and engaging Division worksheet for Grade 2. Perfect printable math practice.,https://mathworksheetkidsland.github.io/html/printable-free-28-division-math-worksheet-for-grade-2-part-136-4371.html,https://mathworksheetkidsland.github.io/images/printable-free-28-division-math-worksheet-for-grade-2-part-136-4371.jpg,Homeschool Math,04/13/2026 08:37:00 AM
8 Math Skill Test Practice Worksheet for High School Students,Fun and engaging Math worksheet for Math. Perfect printable math practice.,https://mathworksheetkidsland.github.io/html/8-math-skill-test-practice-worksheet-for-high-school-students-5319.html,https://mathworksheetkidsland.github.io/images/8-math-skill-test-practice-worksheet-for-high-school-students-5319.jpg,Elementary Math Activities,04/13/2026 11:00:00 AM
Missing Number Math Worksheet,Fun and engaging Missing Number worksheet for Grade 1. Perfect printable math practice.,https://mathworksheetkidsland.github.io/html/missing-number-math-worksheet-2220.html,https://mathworksheetkidsland.github.io/images/missing-number-math-worksheet-2220.jpg,Printable Worksheets,04/13/2026 01:29:00 PM
Mixed Operations Math Worksheet,Fun and engaging Mixed Operations worksheet for Grade 3. Perfect printable math practice.,https://mathworksheetkidsland.github.io/html/mixed-operations-math-worksheet-9680.html,https://mathworksheetkidsland.github.io/images/mixed-operations-math-worksheet-9680.jpg,Kids Math Worksheets,04/13/2026 04:29:00 PM
Grade 2 Multiplication Practice Worksheet (29 Problems) - Part 140 | Printable Practice,Help kids master Multiplication with this printable worksheet for Grade 2. Great for daily math practice.,https://mathworksheetkidsland.github.io/html/grade-2-multiplication-practice-worksheet-29-problems-part-140-5626.html,https://mathworksheetkidsland.github.io/images/grade-2-multiplication-practice-worksheet-29-problems-part-140-5626.jpg,Homeschool Math,04/13/2026 08:26:00 PM
Printable Free 15 Subtraction Math Worksheet For Grade 5 - Part 141 | Printable Practice,Teachers and parents love this Subtraction worksheet for Grade 5. Download and print instantly.,https://mathworksheetkidsland.github.io/html/printable-free-15-subtraction-math-worksheet-for-grade-5-part-141-1017.html,https://mathworksheetkidsland.github.io/images/printable-free-15-subtraction-math-worksheet-for-grade-5-part-141-1017.jpg,Printable Worksheets,04/14/2026 08:22:00 AM
Grade 3 Multiplication Table 10 Practice - Part 142 | Printable Practice,Fun and engaging Times Table worksheet for Grade 3. Perfect printable math practice.,https://mathworksheetkidsland.github.io/html/grade-3-multiplication-table-10-practice-part-142-5073.html,https://mathworksheetkidsland.github.io/images/grade-3-multiplication-table-10-practice-part-142-5073.jpg,Homeschool Math,04/14/2026 11:03:00 AM
Printable Tracing Worksheet For Kids - Part 143 | Free Printable,Teachers and parents love this Tracing worksheet for Preschool. Download and print instantly.,https://mathworksheetkidsland.github.io/html/printable-tracing-worksheet-for-kids-part-143-4402.html,https://mathworksheetkidsland.github.io/images/printable-tracing-worksheet-for-kids-part-143-4402.jpg,Homeschool Math,04/14/2026 01:22:00 PM
Math Word Problem Worksheet,Printable Word Problem worksheet designed for Grade 3 students. Easy and fun math practice.,https://mathworksheetkidsland.github.io/html/math-word-problem-worksheet-7001.html,https://mathworksheetkidsland.github.io/images/math-word-problem-worksheet-7001.jpg,Math Practice Printables,04/14/2026 04:25:00 PM
Free 21 Addition Math Worksheet For Grade 1 - Part 145 | Printable Practice,Printable Addition worksheet designed for Grade 1 students. Easy and fun math practice.,https://mathworksheetkidsland.github.io/html/free-21-addition-math-worksheet-for-grade-1-part-145-1034.html,https://mathworksheetkidsland.github.io/images/free-21-addition-math-worksheet-for-grade-1-part-145-1034.jpg,Kids Math Worksheets,04/14/2026 08:33:00 PM
3 Free Count and Color Worksheets for Grade 1,Free printable Count and Color worksheet for Grade 1. Perfect for homeschool practice and classroom activities.,https://mathworksheetkidsland.github.io/html/3-free-count-and-color-worksheets-for-grade-1-2189.html,https://mathworksheetkidsland.github.io/images/3-free-count-and-color-worksheets-for-grade-1-2189.jpg,Printable Worksheets,04/15/2026 08:31:00 AM
Learn Counting With Pictures Worksheet (Pre-K) - Part 147 | Printable Practice,Help kids master Counting Objects with this printable worksheet for Pre-K. Great for daily math practice.,https://mathworksheetkidsland.github.io/html/learn-counting-with-pictures-worksheet-pre-k-part-147-4791.html,https://mathworksheetkidsland.github.io/images/learn-counting-with-pictures-worksheet-pre-k-part-147-4791.jpg,Printable Worksheets,04/15/2026 11:05:00 AM
Free 27 Division Math Worksheet For Grade 2 With Answers - Part 148 | Printable Practice,Free printable Division worksheet for Grade 2. Perfect for homeschool practice and classroom activities.,https://mathworksheetkidsland.github.io/html/free-27-division-math-worksheet-for-grade-2-with-answers-part-148-5249.html,https://mathworksheetkidsland.github.io/images/free-27-division-math-worksheet-for-grade-2-with-answers-part-148-5249.jpg,Math Practice Printables,04/15/2026 01:25:00 PM
4 Math Challenge Training Worksheet for Teens,Printable Math worksheet designed for Math students. Easy and fun math practice.,https://mathworksheetkidsland.github.io/html/4-math-challenge-training-worksheet-for-teens-5784.html,https://mathworksheetkidsland.github.io/images/4-math-challenge-training-worksheet-for-teens-5784.jpg,Printable Worksheets,04/15/2026 04:25:00 PM
Missing Number Math Worksheet,Fun and engaging Missing Number worksheet for Grade 1. Perfect printable math practice.,https://mathworksheetkidsland.github.io/html/missing-number-math-worksheet-2309.html,https://mathworksheetkidsland.github.io/images/missing-number-math-worksheet-2309.jpg,Homeschool Math,04/15/2026 08:30:00 PM
Mixed Operations Math Worksheet,Teachers and parents love this Mixed Operations worksheet for Grade 3. Download and print instantly.,https://mathworksheetkidsland.github.io/html/mixed-operations-math-worksheet-6642.html,https://mathworksheetkidsland.github.io/images/mixed-operations-math-worksheet-6642.jpg,Homeschool Math,04/16/2026 08:38:00 AM
Printable Free 26 Multiplication Math Worksheet For Grade 2 - Part 152 | Printable Practice,Fun and engaging Multiplication worksheet for Grade 2. Perfect printable math practice.,https://mathworksheetkidsland.github.io/html/printable-free-26-multiplication-math-worksheet-for-grade-2-part-152-5341.html,https://mathworksheetkidsland.github.io/images/printable-free-26-multiplication-math-worksheet-for-grade-2-part-152-5341.jpg,Printable Worksheets,04/16/2026 11:01:00 AM
Free 11 Subtraction Math Worksheet For Grade 5 With Answers - Part 153 | Printable Practice,Fun and engaging Subtraction worksheet for Grade 5. Perfect printable math practice.,https://mathworksheetkidsland.github.io/html/free-11-subtraction-math-worksheet-for-grade-5-with-answers-part-153-2488.html,https://mathworksheetkidsland.github.io/images/free-11-subtraction-math-worksheet-for-grade-5-with-answers-part-153-2488.jpg,Printable Worksheets,04/16/2026 01:26:00 PM
Grade 3 Multiplication Table 6 Practice - Part 154 | Printable Practice,Printable Times Table worksheet designed for Grade 3 students. Easy and fun math practice.,https://mathworksheetkidsland.github.io/html/grade-3-multiplication-table-6-practice-part-154-9471.html,https://mathworksheetkidsland.github.io/images/grade-3-multiplication-table-6-practice-part-154-9471.jpg,Printable Worksheets,04/16/2026 04:26:00 PM
Printable Tracing Worksheet For Kids - Part 155 | Free Printable,Free printable Tracing worksheet for Preschool. Perfect for homeschool practice and classroom activities.,https://mathworksheetkidsland.github.io/html/printable-tracing-worksheet-for-kids-part-155-2385.html,https://mathworksheetkidsland.github.io/images/printable-tracing-worksheet-for-kids-part-155-2385.jpg,Kids Math Worksheets,04/16/2026 08:23:00 PM
Math Word Problem Worksheet,Teachers and parents love this Word Problem worksheet for Grade 3. Download and print instantly.,https://mathworksheetkidsland.github.io/html/math-word-problem-worksheet-1231.html,https://mathworksheetkidsland.github.io/images/math-word-problem-worksheet-1231.jpg,Elementary Math Activities,04/17/2026 08:38:00 AM
Printable Free 28 Addition Math Worksheet For Grade 3 - Part 157 | Printable Practice,Printable Addition worksheet designed for Grade 3 students. Easy and fun math practice.,https://mathworksheetkidsland.github.io/html/printable-free-28-addition-math-worksheet-for-grade-3-part-157-3005.html,https://mathworksheetkidsland.github.io/images/printable-free-28-addition-math-worksheet-for-grade-3-part-157-3005.jpg,Printable Worksheets,04/17/2026 11:00:00 AM
Fun Count and Color Objects Worksheet for Kindergarten,Teachers and parents love this Count and Color worksheet for Kindergarten. Download and print instantly.,https://mathworksheetkidsland.github.io/html/fun-count-and-color-objects-worksheet-for-kindergarten-5646.html,https://mathworksheetkidsland.github.io/images/fun-count-and-color-objects-worksheet-for-kindergarten-5646.jpg,Math Practice Printables,04/17/2026 01:33:00 PM
Learn Counting With Pictures Worksheet (Pre-K) - Part 159 | Printable Practice,Printable Counting Objects worksheet designed for Pre-K students. Easy and fun math practice.,https://mathworksheetkidsland.github.io/html/learn-counting-with-pictures-worksheet-pre-k-part-159-2868.html,https://mathworksheetkidsland.github.io/images/learn-counting-with-pictures-worksheet-pre-k-part-159-2868.jpg,Homeschool Math,04/17/2026 04:23:00 PM
Printable Free 23 Division Math Worksheet For Grade 2 - Part 160 | Printable Practice,Free printable Division worksheet for Grade 2. Perfect for homeschool practice and classroom activities.,https://mathworksheetkidsland.github.io/html/printable-free-23-division-math-worksheet-for-grade-2-part-160-8514.html,https://mathworksheetkidsland.github.io/images/printable-free-23-division-math-worksheet-for-grade-2-part-160-8514.jpg,Kids Math Worksheets,04/17/2026 08:33:00 PM
4 Mathematics Practice for Teens,Printable Math worksheet designed for Math students. Easy and fun math practice.,https://mathworksheetkidsland.github.io/html/4-mathematics-practice-for-teens-5478.html,https://mathworksheetkidsland.github.io/images/4-mathematics-practice-for-teens-5478.jpg,Elementary Math Activities,04/18/2026 08:38:00 AM
Missing Number Math Worksheet,Fun and engaging Missing Number worksheet for Grade 1. Perfect printable math practice.,https://mathworksheetkidsland.github.io/html/missing-number-math-worksheet-8522.html,https://mathworksheetkidsland.github.io/images/missing-number-math-worksheet-8522.jpg,Printable Worksheets,04/18/2026 11:00:00 AM
Mixed Operations Math Worksheet,Teachers and parents love this Mixed Operations worksheet for Grade 3. Download and print instantly.,https://mathworksheetkidsland.github.io/html/mixed-operations-math-worksheet-3498.html,https://mathworksheetkidsland.github.io/images/mixed-operations-math-worksheet-3498.jpg,Kids Math Worksheets,04/18/2026 01:34:00 PM
Free 21 Multiplication Math Worksheet For Grade 2 With Answers - Part 164 | Printable Practice,Free printable Multiplication worksheet for Grade 2. Perfect for homeschool practice and classroom activities.,https://mathworksheetkidsland.github.io/html/free-21-multiplication-math-worksheet-for-grade-2-with-answers-part-164-6734.html,https://mathworksheetkidsland.github.io/images/free-21-multiplication-math-worksheet-for-grade-2-with-answers-part-164-6734.jpg,Math Practice Printables,04/18/2026 04:24:00 PM
Free 13 Subtraction Math Worksheet For Grade 3 With Answers - Part 165 | Printable Practice,Free printable Subtraction worksheet for Grade 3. Perfect for homeschool practice and classroom activities.,https://mathworksheetkidsland.github.io/html/free-13-subtraction-math-worksheet-for-grade-3-with-answers-part-165-5574.html,https://mathworksheetkidsland.github.io/images/free-13-subtraction-math-worksheet-for-grade-3-with-answers-part-165-5574.jpg,Kids Math Worksheets,04/18/2026 08:38:00 PM
5 Times Table Worksheet For Grade 2 With Answers - Part 166 | Printable Practice,Help kids master Times Table with this printable worksheet for Grade 2. Great for daily math practice.,https://mathworksheetkidsland.github.io/html/5-times-table-worksheet-for-grade-2-with-answers-part-166-9334.html,https://mathworksheetkidsland.github.io/images/5-times-table-worksheet-for-grade-2-with-answers-part-166-9334.jpg,Kids Math Worksheets,04/19/2026 08:25:00 AM
Printable Tracing Worksheet For Kids - Part 167 | Free Printable,Free printable Tracing worksheet for Kindergarten. Perfect for homeschool practice and classroom activities.,https://mathworksheetkidsland.github.io/html/printable-tracing-worksheet-for-kids-part-167-8768.html,https://mathworksheetkidsland.github.io/images/printable-tracing-worksheet-for-kids-part-167-8768.jpg,Elementary Math Activities,04/19/2026 11:07:00 AM
Math Word Problem Worksheet,Fun and engaging Word Problem worksheet for Grade 3. Perfect printable math practice.,https://mathworksheetkidsland.github.io/html/math-word-problem-worksheet-9045.html,https://mathworksheetkidsland.github.io/images/math-word-problem-worksheet-9045.jpg,Kids Math Worksheets,04/19/2026 01:33:00 PM
Printable Free 29 Addition Math Worksheet For Grade 3 - Part 169 | Printable Practice,Free printable Addition worksheet for Grade 3. Perfect for homeschool practice and classroom activities.,https://mathworksheetkidsland.github.io/html/printable-free-29-addition-math-worksheet-for-grade-3-part-169-2515.html,https://mathworksheetkidsland.github.io/images/printable-free-29-addition-math-worksheet-for-grade-3-part-169-2515.jpg,Elementary Math Activities,04/19/2026 04:29:00 PM
4 Free Count and Color Worksheets for Grade 1,Teachers and parents love this Count and Color worksheet for Grade 1. Download and print instantly.,https://mathworksheetkidsland.github.io/html/4-free-count-and-color-worksheets-for-grade-1-1151.html,https://mathworksheetkidsland.github.io/images/4-free-count-and-color-worksheets-for-grade-1-1151.jpg,Homeschool Math,04/19/2026 08:26:00 PM
Free Counting Objects Worksheet For Kindergarten Printable - Part 171 | Printable Practice,Fun and engaging Counting Objects worksheet for Kindergarten. Perfect printable math practice.,https://mathworksheetkidsland.github.io/html/free-counting-objects-worksheet-for-kindergarten-printable-part-171-1460.html,https://mathworksheetkidsland.github.io/images/free-counting-objects-worksheet-for-kindergarten-printable-part-171-1460.jpg,Printable Worksheets,04/20/2026 08:23:00 AM
Free 28 Division Math Worksheet For Grade 2 - Part 172 | Printable Practice,Fun and engaging Division worksheet for Grade 2. Perfect printable math practice.,https://mathworksheetkidsland.github.io/html/free-28-division-math-worksheet-for-grade-2-part-172-3907.html,https://mathworksheetkidsland.github.io/images/free-28-division-math-worksheet-for-grade-2-part-172-3907.jpg,Math Practice Printables,04/20/2026 11:04:00 AM
8 Math Questions Practice Worksheet,Teachers and parents love this Math worksheet for Math. Download and print instantly.,https://mathworksheetkidsland.github.io/html/8-math-questions-practice-worksheet-6889.html,https://mathworksheetkidsland.github.io/images/8-math-questions-practice-worksheet-6889.jpg,Elementary Math Activities,04/20/2026 01:31:00 PM
Missing Number Math Worksheet,Fun and engaging Missing Number worksheet for Grade 1. Perfect printable math practice.,https://mathworksheetkidsland.github.io/html/missing-number-math-worksheet-4197.html,https://mathworksheetkidsland.github.io/images/missing-number-math-worksheet-4197.jpg,Printable Worksheets,04/20/2026 04:36:00 PM
Mixed Operations Math Worksheet,Teachers and parents love this Mixed Operations worksheet for Grade 3. Download and print instantly.,https://mathworksheetkidsland.github.io/html/mixed-operations-math-worksheet-2542.html,https://mathworksheetkidsland.github.io/images/mixed-operations-math-worksheet-2542.jpg,Homeschool Math,04/20/2026 08:31:00 PM
Free 17 Multiplication Math Worksheet For Grade 2 - Part 176 | Printable Practice,Printable Multiplication worksheet designed for Grade 2 students. Easy and fun math practice.,https://mathworksheetkidsland.github.io/html/free-17-multiplication-math-worksheet-for-grade-2-part-176-9753.html,https://mathworksheetkidsland.github.io/images/free-17-multiplication-math-worksheet-for-grade-2-part-176-9753.jpg,Kids Math Worksheets,04/21/2026 08:34:00 AM
Grade 3 Subtraction Practice Worksheet (26 Problems) - Part 177 | Printable Practice,Printable Subtraction worksheet designed for Grade 3 students. Easy and fun math practice.,https://mathworksheetkidsland.github.io/html/grade-3-subtraction-practice-worksheet-26-problems-part-177-5911.html,https://mathworksheetkidsland.github.io/images/grade-3-subtraction-practice-worksheet-26-problems-part-177-5911.jpg,Elementary Math Activities,04/21/2026 11:03:00 AM
4 Times Table Worksheet For Grade 2 With Answers - Part 178 | Printable Practice,Teachers and parents love this Times Table worksheet for Grade 2. Download and print instantly.,https://mathworksheetkidsland.github.io/html/4-times-table-worksheet-for-grade-2-with-answers-part-178-9037.html,https://mathworksheetkidsland.github.io/images/4-times-table-worksheet-for-grade-2-with-answers-part-178-9037.jpg,Math Practice Printables,04/21/2026 01:38:00 PM
Printable Tracing Worksheet For Kids - Part 179 | Free Printable,Fun and engaging Tracing worksheet for Preschool. Perfect printable math practice.,https://mathworksheetkidsland.github.io/html/printable-tracing-worksheet-for-kids-part-179-2218.html,https://mathworksheetkidsland.github.io/images/printable-tracing-worksheet-for-kids-part-179-2218.jpg,Printable Worksheets,04/21/2026 04:28:00 PM
Math Word Problem Worksheet,Teachers and parents love this Word Problem worksheet for Grade 3. Download and print instantly.,https://mathworksheetkidsland.github.io/html/math-word-problem-worksheet-7406.html,https://mathworksheetkidsland.github.io/images/math-word-problem-worksheet-7406.jpg,Math Practice Printables,04/21/2026 08:37:00 PM
Grade 3 Addition Practice Worksheet (13 Problems) - Part 181 | Printable Practice,Help kids master Addition with this printable worksheet for Grade 3. Great for daily math practice.,https://mathworksheetkidsland.github.io/html/grade-3-addition-practice-worksheet-13-problems-part-181-1320.html,https://mathworksheetkidsland.github.io/images/grade-3-addition-practice-worksheet-13-problems-part-181-1320.jpg,Math Practice Printables,04/22/2026 08:38:00 AM
3 Free Count and Color Worksheets for Preschool,Help kids master Count and Color with this printable worksheet for Preschool. Great for daily math practice.,https://mathworksheetkidsland.github.io/html/3-free-count-and-color-worksheets-for-preschool-6456.html,https://mathworksheetkidsland.github.io/images/3-free-count-and-color-worksheets-for-preschool-6456.jpg,Elementary Math Activities,04/22/2026 11:08:00 AM
Free Counting Objects Worksheet For Kindergarten Printable - Part 183 | Printable Practice,Fun and engaging Counting Objects worksheet for Kindergarten. Perfect printable math practice.,https://mathworksheetkidsland.github.io/html/free-counting-objects-worksheet-for-kindergarten-printable-part-183-8841.html,https://mathworksheetkidsland.github.io/images/free-counting-objects-worksheet-for-kindergarten-printable-part-183-8841.jpg,Math Practice Printables,04/22/2026 01:38:00 PM
Free 25 Division Math Worksheet For Grade 2 With Answers - Part 184 | Printable Practice,Fun and engaging Division worksheet for Grade 2. Perfect printable math practice.,https://mathworksheetkidsland.github.io/html/free-25-division-math-worksheet-for-grade-2-with-answers-part-184-1271.html,https://mathworksheetkidsland.github.io/images/free-25-division-math-worksheet-for-grade-2-with-answers-part-184-1271.jpg,Homeschool Math,04/22/2026 04:24:00 PM
Printable Math Knowledge Test Printable Worksheet for Study,Printable Math worksheet designed for Math students. Easy and fun math practice.,https://mathworksheetkidsland.github.io/html/printable-math-knowledge-test-printable-worksheet-for-study-2145.html,https://mathworksheetkidsland.github.io/images/printable-math-knowledge-test-printable-worksheet-for-study-2145.jpg,Kids Math Worksheets,04/22/2026 08:27:00 PM
Missing Number Math Worksheet,Free printable Missing Number worksheet for Grade 1. Perfect for homeschool practice and classroom activities.,https://mathworksheetkidsland.github.io/html/missing-number-math-worksheet-7143.html,https://mathworksheetkidsland.github.io/images/missing-number-math-worksheet-7143.jpg,Elementary Math Activities,04/23/2026 08:38:00 AM
Mixed Operations Math Worksheet,Teachers and parents love this Mixed Operations worksheet for Grade 3. Download and print instantly.,https://mathworksheetkidsland.github.io/html/mixed-operations-math-worksheet-2083.html,https://mathworksheetkidsland.github.io/images/mixed-operations-math-worksheet-2083.jpg,Elementary Math Activities,04/23/2026 11:02:00 AM
Free 17 Multiplication Math Worksheet For Grade 1 - Part 188 | Printable Practice,Free printable Multiplication worksheet for Grade 1. Perfect for homeschool practice and classroom activities.,https://mathworksheetkidsland.github.io/html/free-17-multiplication-math-worksheet-for-grade-1-part-188-2238.html,https://mathworksheetkidsland.github.io/images/free-17-multiplication-math-worksheet-for-grade-1-part-188-2238.jpg,Elementary Math Activities,04/23/2026 01:25:00 PM
Free 22 Subtraction Math Worksheet For Grade 5 With Answers - Part 189 | Printable Practice,Help kids master Subtraction with this printable worksheet for Grade 5. Great for daily math practice.,https://mathworksheetkidsland.github.io/html/free-22-subtraction-math-worksheet-for-grade-5-with-answers-part-189-2163.html,https://mathworksheetkidsland.github.io/images/free-22-subtraction-math-worksheet-for-grade-5-with-answers-part-189-2163.jpg,Math Practice Printables,04/23/2026 04:27:00 PM
Printable 10 Times Table Worksheet For Grade 3 - Part 190 | Printable Practice,Help kids master Times Table with this printable worksheet for Grade 3. Great for daily math practice.,https://mathworksheetkidsland.github.io/html/printable-10-times-table-worksheet-for-grade-3-part-190-2095.html,https://mathworksheetkidsland.github.io/images/printable-10-times-table-worksheet-for-grade-3-part-190-2095.jpg,Math Practice Printables,04/23/2026 08:33:00 PM
Printable Tracing Worksheet For Kids - Part 191 | Free Printable,Teachers and parents love this Tracing worksheet for Kindergarten. Download and print instantly.,https://mathworksheetkidsland.github.io/html/printable-tracing-worksheet-for-kids-part-191-6586.html,https://mathworksheetkidsland.github.io/images/printable-tracing-worksheet-for-kids-part-191-6586.jpg,Printable Worksheets,04/24/2026 08:22:00 AM
Math Word Problem Worksheet,Printable Word Problem worksheet designed for Grade 3 students. Easy and fun math practice.,https://mathworksheetkidsland.github.io/html/math-word-problem-worksheet-7259.html,https://mathworksheetkidsland.github.io/images/math-word-problem-worksheet-7259.jpg,Elementary Math Activities,04/24/2026 11:00:00 AM
Grade 5 Addition Practice Worksheet (20 Problems) - Part 193 | Printable Practice,Teachers and parents love this Addition worksheet for Grade 5. Download and print instantly.,https://mathworksheetkidsland.github.io/html/grade-5-addition-practice-worksheet-20-problems-part-193-8609.html,https://mathworksheetkidsland.github.io/images/grade-5-addition-practice-worksheet-20-problems-part-193-8609.jpg,Printable Worksheets,04/24/2026 01:27:00 PM
Preschool Count and Color Shapes Worksheet,Printable Count and Color worksheet designed for Preschool students. Easy and fun math practice.,https://mathworksheetkidsland.github.io/html/preschool-count-and-color-shapes-worksheet-7284.html,https://mathworksheetkidsland.github.io/images/preschool-count-and-color-shapes-worksheet-7284.jpg,Printable Worksheets,04/24/2026 04:26:00 PM
Free Counting Objects Worksheet For Pre-K Printable - Part 195 | Printable Practice,Free printable Counting Objects worksheet for Pre-K. Perfect for homeschool practice and classroom activities.,https://mathworksheetkidsland.github.io/html/free-counting-objects-worksheet-for-pre-k-printable-part-195-3960.html,https://mathworksheetkidsland.github.io/images/free-counting-objects-worksheet-for-pre-k-printable-part-195-3960.jpg,Math Practice Printables,04/24/2026 08:22:00 PM
Printable Free 21 Division Math Worksheet For Grade 1 - Part 196 | Printable Practice,Free printable Division worksheet for Grade 1. Perfect for homeschool practice and classroom activities.,https://mathworksheetkidsland.github.io/html/printable-free-21-division-math-worksheet-for-grade-1-part-196-1080.html,https://mathworksheetkidsland.github.io/images/printable-free-21-division-math-worksheet-for-grade-1-part-196-1080.jpg,Elementary Math Activities,04/25/2026 08:24:00 AM
Free Printable Math Quiz Quiz Worksheet,Fun and engaging Math worksheet for Math. Perfect printable math practice.,https://mathworksheetkidsland.github.io/html/free-printable-math-quiz-quiz-worksheet-7150.html,https://mathworksheetkidsland.github.io/images/free-printable-math-quiz-quiz-worksheet-7150.jpg,Printable Worksheets,04/25/2026 11:00:00 AM
Missing Number Math Worksheet,Free printable Missing Number worksheet for Grade 1. Perfect for homeschool practice and classroom activities.,https://mathworksheetkidsland.github.io/html/missing-number-math-worksheet-9000.html,https://mathworksheetkidsland.github.io/images/missing-number-math-worksheet-9000.jpg,Kids Math Worksheets,04/25/2026 01:37:00 PM
Mixed Operations Math Worksheet,Teachers and parents love this Mixed Operations worksheet for Grade 3. Download and print instantly.,https://mathworksheetkidsland.github.io/html/mixed-operations-math-worksheet-7871.html,https://mathworksheetkidsland.github.io/images/mixed-operations-math-worksheet-7871.jpg,Kids Math Worksheets,04/25/2026 04:30:00 PM
Free 13 Multiplication Math Worksheet For Grade 2 With Answers - Part 200 | Printable Practice,Teachers and parents love this Multiplication worksheet for Grade 2. Download and print instantly.,https://mathworksheetkidsland.github.io/html/free-13-multiplication-math-worksheet-for-grade-2-with-answers-part-200-9028.html,https://mathworksheetkidsland.github.io/images/free-13-multiplication-math-worksheet-for-grade-2-with-answers-part-200-9028.jpg,Printable Worksheets,04/25/2026 08:22:00 PM
